word,group
affluent,2
albeit,1
allocate,2
automation,1
biodiversity,1
breakthrough,1
chronic,1
commute,2
compulsory,3
consequently,1
conservation,3
curriculum,1
cutting-edge,1
degradation,2
deplete,1
digital divide,1
emissions,1
enforce,2
entrepreneur,1
epidemic,1
extracurricular,2
fluctuate,1
furthermore,2
in contrast,1
incentive,1
inequality,1
infrastructure,1
innovation,2
integrate,2
legislation,2
life expectancy,1
literacy,1
lucrative,2
marginally,1
mitigate,2
nevertheless,2
nutritious,2
obesity,3
obsolete,1
peak,2
plateau,2
plummet,2
preventive,1
productivity,2
proportion,1
recession,1
renewable,2
rote learning,1
sedentary,2
steadily,2
surge,2
surveillance,1
sustainable,1
tertiary,2
thereby,2
to a large extent,2
tuition,1
unemployment,2
urbanisation,3
vocational,2
welfare,2
well-being,1
whereas,2
workforce,2
