members,note
culture; cultural; multicultural; cultural exchange; cultural tourism,same word family
tourism; sustainable tourism; adventure tourism; cultural tourism; eco-tourism,same word family
adventure; adventure tourism,same word family
development; developing; developed; sustainable development; redevelopment,same word family
sustainable; sustainable tourism; sustainable development,same word family
exchange; cultural exchange,same word family
publication; publicity,same word family
sector; public sector,same word family
transport; public transport,same word family
industry; industrial; industrialisation; industrial farming,same word family
organic; organic farming,same word family
farming; industrial farming; organic farming; farmland,same word family
afford; affordable; affordable housing,same word family
housing; affordable housing; housing shortage,same word family
shortage; housing shortage,same word family
employment; employee; employer; unemployed; unemployment,same word family
economy; economic; emerging economy,same word family
emerging; emerging economy,same word family
community; community centre,same word family
city centre; community centre,same word family
social; social media; socialisation,same word family
media; social media,same word family
urban; urban planning; urbanisation,same word family
planning; urban planning,same word family
investment; foreign investment,same word family
investigate; investigation,same word family
generation; generation gap,same word family
consume; consumer; consumption,same word family
application; applicant; applicable,same word family
distribute; distribution,same word family
integration; integrate,same word family
adapt; adaptation; adaptability,same word family
educate; educational; education,same word family
competitive; competition,same word family
research; researcher; research-based,same word family
population; overpopulation; population density,same word family
carbon; carbon emission,same word family
emissions; carbon emission,same word family
global; global warming; globalisation,same word family
digital; digitalisation; digital divide,same word family
vehicle; electric vehicle,same word family
nutrition; malnutrition; nutritious,same word family
violence; domestic violence,same word family
domestic; domestic violence,same word family
destination; destination management,same word family
management; destination management,same word family
seasonal; peak season; off-season,same word family
peak; peak season,same word family
international; international relations; multinational; transnational,same word family
relationship; international relations,same word family
parenting; parental; single-parent,same word family
diverse; diversity,same word family
persistent; persist,same word family
accommodate; accommodation,same word family
beneficial; benefit,same word family
clarify; clarification,same word family
controversial; controversy,same word family
promote; promotion,same word family
reluctant; reluctance,same word family
exhibit; exhibition,same word family
prior; priority,same word family
valid; validity,same word family
concentrate; concentration,same word family
cooperate; cooperation,same word family
discriminate; discrimination,same word family
advanced; advancement,same word family
evaluate; evaluation,same word family
motivate; motivation,same word family
specialise; specialist,same word family
deforestation; reforestation,same word family
degrade; degradation,same word family
deplete; depletion,same word family
artificial; artificial intelligence,same word family
technology; technological,same word family
modern; modernise,same word family
medical; medication,same word family
prevention; preventive,same word family
equality; inequality,same word family
govern; governance,same word family
political; politician,same word family
representative; representation,same word family
centralise; decentralise,same word family
municipal; municipality,same word family
commerce; commercial,same word family
finance; financial,same word family
prosecute; prosecution,same word family
enforce; enforcement,same word family
security; food security,same word family
commute; commuter,same word family
profession; professional,same word family
supervisor; supervision,same word family
performance; performer,same word family
journalism; journalist,same word family
accurate; accuracy,same word family
creative; creativity,same word family
traveller; travel agency,same word family
method; methodology,same word family
agriculture; agricultural,same word family
irrigate; irrigation,same word family
fertile; fertiliser,same word family
production; productivity,same word family
criminal; cybercrime,same word family
offence; offender,same word family
immune; immunity,same word family
migration; immigration,same word family
human rights; humanitarian,same word family
stable; stability,same word family
vary; variable,same word family
dominate; predominant,same word family
acquire; acquisition,same word family
ecological; ecosystem; eco-tourism,same word family
enterprise; entrepreneur,same word family
independence; interdependence,same word family
generate; generation; generation gap,"same root, different meaning"
identical; identity,"same root, different meaning"
terminate; terminal,"same root, different meaning"
constitute; constitution,"same root, different meaning"
transit; transition,"same root, different meaning"
comprehensive; comprehension,"same root, different meaning"
competence; competitive; competition,"same root, different meaning"
integral; integrate; integration,"same root, different meaning"
marginalised; marginally,"same root, different meaning"
literacy; literature,"same root, different meaning"
respect; respectively,"same root, different meaning"
facilitate; facility,"same root, different meaning"
resource; source,"same root, different meaning"
processed; processor,"same root, different meaning"
diploma; diplomacy,"same root, different meaning"
